domain,keywords
advertising & marketing,advertising marketing branding
agriculture,farming agricultural
chemicals & resources,chemical resource mining petroleum
construction,construction building
consumer goods & FMCG,consumer goods fast-moving consumer goods fmcg
e-commerce,e-commerce online shopping
economy & politics,economy politics government
energy & environment,energy environment sustainability
finance & insurance,finance insurance
internet,internet online web
life,celebrities personal lifestyle
media,media entertainment news
metals & electronics,metals electronics manufacturing
real estate,real estate property housing
retail & trade,retail trade merchandise
services,services consulting
society,society culture demographics
sports & recreation,sports recreation fitness
technology & telecommunications,technology telecommunications hardware software
transportation & logistics,transportation logistics
"travel, tourism & hospitality",travel tourism hospitality
